<?xml version="1.0" encoding="UTF-8"?>
<project-private xmlns="http://www.netbeans.org/ns/project-private/1">
    <editor-bookmarks xmlns="http://www.netbeans.org/ns/editor-bookmarks/2" lastBookmarkId="0"/>
    <open-files xmlns="http://www.netbeans.org/ns/projectui-open-files/2">
        <group>
            <file>file:/C:/Archivos%20Locales/Aprendizaje/Estudios/Universidad/7o.%20Ciclo/Análisis%20de%20Sistemas%20I/01%20Análisis%20de%20Sistemas%20I%20-%20Actividades/Unidad%202/04%20Tarea%20Semana%209/Caso%2001/Caso%2001%20-%20Programa/src/cajero/Inicio.java</file>
            <file>file:/C:/Archivos%20Locales/Aprendizaje/Estudios/Universidad/7o.%20Ciclo/Análisis%20de%20Sistemas%20I/01%20Análisis%20de%20Sistemas%20I%20-%20Actividades/Unidad%202/04%20Tarea%20Semana%209/Caso%2001/Caso%2001%20-%20Programa/src/cajero/Cajero.java</file>
            <file>file:/C:/Archivos%20Locales/Aprendizaje/Estudios/Universidad/7o.%20Ciclo/Análisis%20de%20Sistemas%20I/01%20Análisis%20de%20Sistemas%20I%20-%20Actividades/Unidad%202/04%20Tarea%20Semana%209/Caso%2001/Caso%2001%20-%20Programa/src/cajero/ValidacionNumero.java</file>
            <file>file:/C:/Archivos%20Locales/Aprendizaje/Estudios/Universidad/7o.%20Ciclo/Análisis%20de%20Sistemas%20I/01%20Análisis%20de%20Sistemas%20I%20-%20Actividades/Unidad%202/04%20Tarea%20Semana%209/Caso%2001/Caso%2001%20-%20Programa/src/cajero/CajeroAutomatico.java</file>
        </group>
    </open-files>
</project-private>
