<?xml version="1.0" encoding="UTF-8"?>
<project-private xmlns="http://www.netbeans.org/ns/project-private/1">
    <editor-bookmarks xmlns="http://www.netbeans.org/ns/editor-bookmarks/2" lastBookmarkId="0"/>
    <open-files xmlns="http://www.netbeans.org/ns/projectui-open-files/2">
        <group>
            <file>file:/C:/Archivos%20Locales/Aprendizaje/Estudios/Universidad/7o.%20Ciclo/Análisis%20de%20Sistemas%20I/01%20Análisis%20de%20Sistemas%20I%20-%20Actividades/Unidad%202/04%20Tarea%20Semana%209/Caso%2002/Caso%2002%20-%20Programa/src/CI_PROCESS/CI_MAIN.java</file>
            <file>file:/C:/Archivos%20Locales/Aprendizaje/Estudios/Universidad/7o.%20Ciclo/Análisis%20de%20Sistemas%20I/01%20Análisis%20de%20Sistemas%20I%20-%20Actividades/Unidad%202/04%20Tarea%20Semana%209/Caso%2002/Caso%2002%20-%20Programa/src/CI_PROCESS/CI_DBO.java</file>
            <file>file:/C:/Archivos%20Locales/Aprendizaje/Estudios/Universidad/7o.%20Ciclo/Análisis%20de%20Sistemas%20I/01%20Análisis%20de%20Sistemas%20I%20-%20Actividades/Unidad%202/04%20Tarea%20Semana%209/Caso%2002/Caso%2002%20-%20Programa/files/clientes.txt</file>
            <file>file:/C:/Archivos%20Locales/Aprendizaje/Estudios/Universidad/7o.%20Ciclo/Análisis%20de%20Sistemas%20I/01%20Análisis%20de%20Sistemas%20I%20-%20Actividades/Unidad%202/04%20Tarea%20Semana%209/Caso%2002/Caso%2002%20-%20Programa/src/CI_PROCESS/CI_LOGIN.java</file>
            <file>file:/C:/Archivos%20Locales/Aprendizaje/Estudios/Universidad/7o.%20Ciclo/Análisis%20de%20Sistemas%20I/01%20Análisis%20de%20Sistemas%20I%20-%20Actividades/Unidad%202/04%20Tarea%20Semana%209/Caso%2002/Caso%2002%20-%20Programa/files/empleados.txt</file>
        </group>
    </open-files>
</project-private>
